{
    "vase4": {
        "Version": "1.10.1822.1",
        "Scene": {
            "Name": true,
            "SupportShaderSelect": false
        },
        "Object": {
            "vase4": {
                "Physics": {},
                "Meshes": {
                    "Vase_4": {
                        "Materials": {
                            "vase2_Tra": {
                                "Material Type": "Tra",
                                "MultiUV Index": 0,
                                "Two Side": false,
                                "Diffuse Color": [
                                    192.00001525878907,
                                    192.00001525878907,
                                    192.00001525878907
                                ],
                                "Ambient Color": [
                                    192.00001525878907,
                                    192.00001525878907,
                                    192.00001525878907
                                ],
                                "Specular Color": [
                                    192.00001525878907,
                                    192.00001525878907,
                                    192.00001525878907
                                ],
                                "Opacity": 1.0,
                                "Self Illumination": 0.0,
                                "Specular": 0.0,
                                "Glossiness": 1.0,
                                "Textures": {
                                    "Base Color": {
                                        "Texture Path": "./vase4.fbm/vase2_Tra_Diffuse.jpg",
                                        "Strength": 100.0,
                                        "Offset": [
                                            0.0,
                                            0.0
                                        ],
                                        "Tiling": [
                                            1.0,
                                            1.0
                                        ]
                                    },
                                    "Specular": {
                                        "Texture Path": "./vase4.fbm/vase2_Tra_Specular.jpg",
                                        "Strength": 100.0,
                                        "Offset": [
                                            0.0,
                                            0.0
                                        ],
                                        "Tiling": [
                                            1.0,
                                            1.0
                                        ]
                                    },
                                    "Roughness": {
                                        "Texture Path": "",
                                        "Strength": 100.0,
                                        "Offset": [
                                            0.0,
                                            0.0
                                        ],
                                        "Tiling": [
                                            1.0,
                                            1.0
                                        ]
                                    },
                                    "Displacement": {
                                        "Texture Path": "./textures/vase4/vase4/Vase_4/vase2_Tra/vase2_Tra_Displacement.jpg",
                                        "Strength": 100.0,
                                        "Offset": [
                                            0.0,
                                            0.0
                                        ],
                                        "Tiling": [
                                            1.0,
                                            1.0
                                        ],
                                        "Displacement Map": "Gray Scale Displacement",
                                        "Tessellation Level": 1.0,
                                        "Multiplier": 1.0,
                                        "Gray-scale Base Value": 0.5
                                    },
                                    "Normal": {
                                        "Texture Path": "./vase4.fbm/vase2_Tra_Normal.png",
                                        "Strength": 100.0,
                                        "Offset": [
                                            0.0,
                                            0.0
                                        ],
                                        "Tiling": [
                                            1.0,
                                            1.0
                                        ]
                                    },
                                    "AO": {
                                        "Texture Path": "./textures/vase4/vase4/Vase_4/vase2_Tra/vase2_Tra_ao.jpg",
                                        "Strength": 100.0,
                                        "Offset": [
                                            0.0,
                                            0.0
                                        ],
                                        "Tiling": [
                                            1.0,
                                            1.0
                                        ]
                                    },
                                    "HDRP": {
                                        "Texture Path": "./textures/vase4/vase4/Vase_4/vase2_Tra/vase2_Tra_HDRP.png"
                                    }
                                }
                            }
                        }
                    }
                }
            }
        }
    }
}