{
    "vase5": {
        "Version": "1.10.1822.1",
        "Scene": {
            "Name": true,
            "SupportShaderSelect": false
        },
        "Object": {
            "vase5": {
                "Physics": {},
                "Meshes": {
                    "PotC": {
                        "Materials": {
                            "PotC_0__Pbr": {
                                "Material Type": "Pbr",
                                "MultiUV Index": 0,
                                "Two Side": false,
                                "Diffuse Color": [
                                    149.94000244140626,
                                    149.94000244140626,
                                    149.94000244140626
                                ],
                                "Ambient Color": [
                                    149.94000244140626,
                                    149.94000244140626,
                                    149.94000244140626
                                ],
                                "Specular Color": [
                                    229.5,
                                    229.5,
                                    229.5
                                ],
                                "Opacity": 1.0,
                                "Self Illumination": 0.0,
                                "Textures": {
                                    "Metallic": {
                                        "Texture Path": "",
                                        "Strength": 100.0,
                                        "Offset": [
                                            0.0,
                                            0.0
                                        ],
                                        "Tiling": [
                                            1.0,
                                            1.0
                                        ]
                                    },
                                    "Base Color": {
                                        "Texture Path": "./vase5.fbm/PotC_0__Pbr_Diffuse.png",
                                        "Strength": 100.0,
                                        "Offset": [
                                            0.04100000113248825,
                                            0.0729999989271164
                                        ],
                                        "Tiling": [
                                            1.1710000038146973,
                                            1.0779999494552613
                                        ]
                                    },
                                    "Roughness": {
                                        "Texture Path": "",
                                        "Strength": 100.0,
                                        "Offset": [
                                            0.0,
                                            0.0
                                        ],
                                        "Tiling": [
                                            1.0,
                                            1.0
                                        ]
                                    },
                                    "Opacity": {
                                        "Texture Path": "./vase5.fbm/PotC_0__Pbr_Opacity.png",
                                        "Strength": 100.0,
                                        "Offset": [
                                            0.0,
                                            0.0
                                        ],
                                        "Tiling": [
                                            1.0,
                                            1.0
                                        ]
                                    },
                                    "Normal": {
                                        "Texture Path": "./vase5.fbm/PotC_0__Pbr_Normal.jpg",
                                        "Strength": 100.0,
                                        "Offset": [
                                            0.0,
                                            0.0
                                        ],
                                        "Tiling": [
                                            1.0,
                                            1.0
                                        ]
                                    },
                                    "AO": {
                                        "Texture Path": "./textures/vase5/vase5/PotC/PotC_0__Pbr/PotC_0__Pbr_ao.jpg",
                                        "Strength": 100.0,
                                        "Offset": [
                                            0.0,
                                            0.0
                                        ],
                                        "Tiling": [
                                            1.0,
                                            1.0
                                        ]
                                    },
                                    "MetallicAlpha": {
                                        "Texture Path": "./textures/vase5/vase5/PotC/PotC_0__Pbr/PotC_0__Pbr_MetallicAlpha.png"
                                    },
                                    "HDRP": {
                                        "Texture Path": "./textures/vase5/vase5/PotC/PotC_0__Pbr/PotC_0__Pbr_HDRP.png"
                                    }
                                }
                            }
                        }
                    }
                }
            }
        }
    }
}