{
    "vase1": {
        "Version": "1.10.1822.1",
        "Scene": {
            "Name": true,
            "SupportShaderSelect": false
        },
        "Object": {
            "vase1": {
                "Physics": {},
                "Meshes": {
                    "Pot_Wine": {
                        "Materials": {
                            "PotWine_0__Pbr": {
                                "Material Type": "Pbr",
                                "MultiUV Index": 0,
                                "Two Side": false,
                                "Diffuse Color": [
                                    149.94000244140626,
                                    149.94000244140626,
                                    149.94000244140626
                                ],
                                "Ambient Color": [
                                    149.94000244140626,
                                    149.94000244140626,
                                    149.94000244140626
                                ],
                                "Specular Color": [
                                    229.5,
                                    229.5,
                                    229.5
                                ],
                                "Opacity": 1.0,
                                "Self Illumination": 0.0,
                                "Textures": {
                                    "Metallic": {
                                        "Texture Path": "",
                                        "Strength": 100.0,
                                        "Offset": [
                                            0.0,
                                            0.0
                                        ],
                                        "Tiling": [
                                            1.0,
                                            1.0
                                        ]
                                    },
                                    "Base Color": {
                                        "Texture Path": "./vase1.fbm/PotWine_0__Pbr_Diffuse.jpg",
                                        "Strength": 100.0,
                                        "Offset": [
                                            0.019999999552965165,
                                            -0.026000000536441804
                                        ],
                                        "Tiling": [
                                            0.9800000190734863,
                                            1.0240000486373902
                                        ]
                                    },
                                    "Roughness": {
                                        "Texture Path": "",
                                        "Strength": 100.0,
                                        "Offset": [
                                            0.0,
                                            0.0
                                        ],
                                        "Tiling": [
                                            1.0,
                                            1.0
                                        ]
                                    },
                                    "Normal": {
                                        "Texture Path": "./vase1.fbm/PotWine_0__Pbr_Normal.jpg",
                                        "Strength": 100.0,
                                        "Offset": [
                                            0.0,
                                            0.0
                                        ],
                                        "Tiling": [
                                            1.0,
                                            1.0
                                        ]
                                    },
                                    "AO": {
                                        "Texture Path": "./textures/vase1/vase1/Pot_Wine/PotWine_0__Pbr/PotWine_0__Pbr_ao.jpg",
                                        "Strength": 100.0,
                                        "Offset": [
                                            0.0,
                                            0.0
                                        ],
                                        "Tiling": [
                                            1.0,
                                            1.0
                                        ]
                                    },
                                    "MetallicAlpha": {
                                        "Texture Path": "./textures/vase1/vase1/Pot_Wine/PotWine_0__Pbr/PotWine_0__Pbr_MetallicAlpha.png"
                                    },
                                    "HDRP": {
                                        "Texture Path": "./textures/vase1/vase1/Pot_Wine/PotWine_0__Pbr/PotWine_0__Pbr_HDRP.png"
                                    }
                                }
                            }
                        }
                    }
                }
            }
        }
    }
}